location,latitude,longitude,temperature,ph,turbidity,salinity,microplastic,risk
Chennai Coast,13.05,80.28,30.0,7.6,12.0,34.2,82,High
Mumbai Coast,19.08,72.88,29.5,7.5,13.0,34.0,88,High
Kakinada Coast,16.99,82.25,29.0,7.7,11.0,34.3,76,High
Visakhapatnam Coast,17.69,83.29,28.5,7.7,10.0,34.5,72,High
Cuddalore Coast,11.75,79.77,28.5,7.9,7.0,34.8,48,Medium
Nagapattinam Coast,10.77,79.84,29.0,7.8,8.0,34.7,55,Medium
Pondicherry Coast,11.91,79.81,28.0,8.0,6.0,35.0,42,Medium
Surat Coast,21.17,72.8,30.0,7.8,8.5,34.5,58,Medium
Goa Coast,15.49,73.82,27.5,8.1,3.0,35.2,22,Low
Kochi Coast,9.97,76.27,27.0,8.1,3.5,35.0,25,Low
Rameswaram Coast,9.29,79.31,28.0,8.2,2.5,35.3,18,Low
Tuticorin Coast,8.8,78.15,28.0,8.1,3.0,35.1,20,Low
